,station_name,street_address,city,access_days_time,evse_units,latitude,longitude
0,BMW OF DARIEN,138-142 Ledge Rd,Darien,24 Hours,2,-73.4764687,41.072882
2,Town of Beacon Falls - Commuter Lot,105 N Main St,Beacon Falls,24 Hours,1,-73.065583,41.44548100000001
3,OLD SAYBROOK VW,319 Middlesex Turnpike,Old Saybrook,24 Hours,2,-72.3825,41.3102778
4,Fairfield Rail Station,80 Mill Plain Rd,Fairfield,24 Hours,2,-73.264511,41.143125
5,FOUNDRY66,50 Franklin St,Norwich,24 Hours,2,-72.0741188,41.525611
7,GLASTONBURYEV,2327-2333 Main St,Glastonbury,24 Hours,2,-72.6086744,41.711717
9,Mystic Marriott Hotel and Spa,625 North Rd,Groton,24 Hours,1,-72.026147,41.365973
10,Brass Mill Center - Shoppers World,495 Union St,Waterbury,Regular,2,-73.025659,41.550922
11,University of Connecticut Health - Center Garage,263 Farmington Ave,Farmington,24 Hours,4,-72.79061800000001,41.730405
12,D'Addario Nissan,329 Bridgeport Ave,Shelton,Regular,1,-73.106051,41.299792
13,CT RAIL,198 N Cherry St,Wallingford,24 Hours,2,-72.8231924,41.4618954
14,Hampton Inn & Suites Rocky Hill - Hartford South - Tesla Destination,685 Cromwell Ave,Rocky Hill,24 Hours,2,-72.679679,41.650999
16,City of New Haven - Union Station Garage,50 Union Ave,New Haven,24 Hours,3,-72.926722,41.297487000000004
17,Easton Public Library,691 Morehouse Rd,Easton,24 Hours,2,-73.297822,41.251966
19,Greenlots - 92367,204 Stillman Hill Rd,Colebrook,24 Hours,2,-73.138786,41.988528
20,Mystic Diner Restaurant - Tesla Destination,253 Greenmanville  Ave,Mystic,24 Hours,1,-71.961361,41.37356200000001
21,Connecticut Airport Authority - Bradley Airport,Cell Phone Lot,Windsor Locks,24 Hours,4,-72.670609,41.929342
22,University of Connecticut - Motor Pool,9 Discovery Dr,Storrs,Regular,1,-72.261825,41.811817
23,Hammonasset Beach State Park - South,1288 Boston Post Rd,Madison,24 Hours,4,-72.560456,41.263416
24,Schaller Mitsubishi,25 Veterans Dr,New Britain,Regular,1,-72.770648,41.649365
25,Mansfield Public Library,54 Warrenville Rd,Mansfield,24 Hours,1,-72.195701,41.768396
26,WESTLODGE,811 Burr Mountain Rd,Torrington,24 Hours,2,-73.1049768,41.8750604
27,TOWNHALL,100 Bentley Dr,Harwinton,24 Hours,2,-73.070231,41.7640244
28,University of Connecticut - Avery Point,1084 Shennecossett Rd,Groton,24 Hours,2,-72.065994,41.317722
29,Middletown School District - Lawrence Elementary School,Kaplan Dr,Middletown,24 Hours,2,-72.6824246,41.5871612
30,Fairfield Mitsubishi,421 Tunxis Hill Rd,Fairfield,Regular,1,-73.230597,41.176442
31,Gates Nissan,143 Boston Post Rd,North Windham,Regular,1,-72.188445,41.728247
32,Water's Edge Resort and Spa - Tesla Destination,1525 Boston Post Rd,Westbrook,24 Hours,3,-72.43786,41.28006
34,UNION STATION,Union Ave and Union Station,New Haven,24 Hours,10,-72.9270748,41.2975353
35,Torrington Town Hall,140 Main St,Torrington,24 Hours,1,-73.12122300000001,41.803497
36,Crowley Nissan,1451 Farmington Ave,Bristol,Regular,2,-72.894672,41.699374
37,Parthenon Diner Restaurant - Tesla Destination,374 E Main St,Branford,24 Hours,1,-72.781436,41.296212
38,Town of Mansfield - Community Center,10 S Eagleville Rd,Mansfield,24 Hours,1,-72.242231,41.800421
39,Manchester City Nissan,30 Tolland Turnpike,Manchester,Regular,2,-72.507845,41.814316
40,City of Meriden - City Hall,142 E Main St,Meriden,24 Hours,4,-72.797226,41.536236
41,City of New Haven - Sherman Tyler Lot,60 N Frontage Rd,New Haven,24 Hours,2,-72.948514,41.306474
42,City of Meriden - Meriden Public Library,105 Miller St,Meriden,24 Hours,2,-72.796702,41.537218
43,Blogoslawski Parking Garage,10 Franklin Square,New Britain,24 Hours,2,-72.7788286,41.664356600000005
44,Comfort Inn Guilford - Tesla Destination,300 Boston Post Rd,Guilford,24 Hours,2,-72.657682,41.287164
45,Brass Mill Center - Entrance 5,495 Union St,Waterbury,Regular,2,-73.02614,41.549361
46,Town of Simsbury - Town Hall,933 Hopmeadow St,Simsbury,24 Hours,2,-72.489406,41.983904
47,Connecticut Legislative Parking Garage,240 Capitol Ave,Hartford,Regular,5,-72.684758,41.765434
48,Middletown School District - Moody School,300 Country Club Rd,Middletown,24 Hours,2,-72.711926,41.563917
49,Barberino Nissan,505 N Colony St,Wallingford,Regular,1,-72.817586,41.467376
50,CityPlace Garage,185 Asylum St,Hartford,Regular,2,-72.676489,41.766656
51,CURRAN VOLKSWAG,2774-2788 CT-113,Stratford,24 Hours,2,-73.132624,41.198568
52,"Inn at Stonington, a Select Registry Property - Tesla Destination",60 Water St,Stonington,24 Hours,3,-71.906918,41.331744
53,"Westport Town Hall 110 Myrtle Ave Westport, CT 06880",110 Myrtle Avenue,Westport,Regular,2,-73.35947443366,41.145215689458
54,STARWOOD,1 Star Point,Stamford,24 Hours,2,-73.5318605,41.0409048
57,Crest Ford,218 Flanders Rd,Niantic,24 Hours,1,-72.211435,41.354043
58,Central Connecticut State University - Sheridan Dorm Lot,65 Wells St,New Britain,24 Hours,1,-72.762739,41.692973
59,LIBRARY KIOSK,24 Main St,New Milford,24 Hours,1,-73.41116,41.5785572
60,Hotel HiHo - Tesla Destination,4180 Black Rock Tpke,Fairfield,24 Hours,3,-73.271401,41.203858
61,Summer Street Garage,100 Summer St,Stamford,Regular,3,-73.541625,41.054155
62,MUNICIP STATION,3 Primrose St,Newtown,24 Hours,2,-73.2847962,41.4007757
63,PURDUE PHARMA,201 Tresser Blvd,Stamford,24 Hours,4,-73.53779,41.050574
64,Hartford High School,55 Forest St,Hartford,24 Hours,2,-72.701271,41.765034
65,Bloomfield Town Hall,800 Bloomfield Avenue,Bloomfield,Regular,2,-72.7373929,41.8298475
66,GUNNERY,16 Kirby Rd,Washington,24 Hours,2,-73.3124,41.628033
67,University of Connecticut - Storrs Center Garage,33 Royce Cir,Storrs,24 Hours,4,-72.2442218,41.8041965
68,JAGLRNH,521 Washington Ave,North Haven,24 Hours,2,-72.8415278,41.4168397
69,Town of Stafford - Town Hall,1 Main St,Stafford Springs,24 Hours,4,-72.303231,41.953668
70,Charter Oak International Academy,425 Oakwood Ave,West Hartford,24 Hours,2,-72.722829,41.742975
71,Town of Newington - Market Square,90 Market Square,Newington,24 Hours,4,-72.7214,41.6972
72,Riverfield School,1625 Mill Plain Rd,Fairfield,Regular,2,-73.267585,41.162306
73,Capital Regional Development Authority (CRDA),105 Columbus Blvd,Hartford,Regular,2,-72.670165,41.763287
74,The SoNo Collection,100 N Water St,Norwalk,Regular,10,-73.418883,41.104791
75,City of New Haven - Whalley Blake Parking Lot,919 Whalley Ave,New Haven,24 Hours,2,-72.960178,41.327848
76,Riverview Cinemas 8 and Playhouse - Tesla Destination,690 Main St S,Southbury,24 Hours,4,-73.230644,41.465044
77,The Ridgefield Playhouse,80 E Ridge Rd,Ridgefield,24 Hours,2,-73.492605,41.282264
78,Meriden Station Garage,24 Colony St,Meriden,24 Hours,3,-72.802667,41.539218
79,HONDA WESTPORT,1372 Post Rd E,Westport,24 Hours,3,-73.317072,41.138623
80,FOXWOODS,350 Trolley Line Blvd,Mashantucket,24 Hours,2,-71.9600027,41.4733521
81,TOWN HALL LOT,740 Main St,East Hartford,24 Hours,2,-72.6446905,41.7660404
82,FOXWOODS,350 Trolley Line Blvd,Ledyard,24 Hours,2,-71.9600034,41.4733358
83,Plainville High School,47 Robert Holcomb Way,Plainville,24 Hours,1,-72.8580302,41.6659341
85,Whole Foods Market,350 Grasmere Ave,Fairfield,Regular,1,-73.240315,41.157925
86,Tamarack Country Club - Tesla Destination,55 Locust Rd,Greenwich,24 Hours,3,-73.709755,41.094294
87,Madison Beach Hotel - Tesla Destination,94 W Wharf Rd,Madison,24 Hours,2,-72.608573,41.27077
88,Newington Electric,72 Pane Rd,Newington,24 Hours,3,-72.729203,41.65514
89,Premier Kia,205 N Main St,Branford,24 Hours,1,-72.809324,41.289894
91,NBCSG,98 Maher Rd,Stamford,24 Hours,14,-73.516045,41.054321
92,EDENS BISHOPS,345 N Main St,West Hartford,24 Hours,2,-72.7479436,41.784487
93,Propark - Water Street Garage,161 Water St,New London,Regular,4,-72.093784,41.355486
95,Manchester Honda,24 Adams St,Manchester,Regular,1,-72.552974,41.795898
97,Plainville Municipal Center,1 Central Square,Plainville,24 Hours,1,-72.8670212999999,41.6717114
98,The Study at Yale - Tesla Destination,1157 Chapel St,New Haven,24 Hours,2,-72.932698,41.308741
99,Connecticut Science Center,250 Columbus Blvd,Hartford,Regular,2,-72.668833,41.764376
100,Windham High School,355 High St,Windham,24 Hours,2,-72.214432,41.723169
101,BIG Y FOODS,401 Bridgeport Ave,Shelton,24 Hours,2,-73.11066,41.29434
102,WHOLE FOODS MKT,5 Sugar Hollow Rd,Danbury,24 Hours,1,-73.475576,41.3777667
104,Canton Town Hall,4 Market St,Canton,24 Hours,2,-72.923177,41.811022
105,UNION STATION,50 Union Ave,New Haven,24 Hours,2,-72.9263108,41.2974027
106,TOD,120 Main St,Durham,24 Hours,2,-72.6809263,41.472228
107,Delamar Southport - Tesla Destination,275 Old Post Rd,Fairfield,24 Hours,3,-73.245943,41.146162
108,Andrew Ward School,755 Melville Ave,Fairfield,Regular,2,-73.234423,41.185685
109,Connecticut Department of Energy and Environmental Protection,79 Elm St,Hartford,Regular,2,-72.678633,41.763294
110,Arapahoe Parking Lot,105 LaSalle Rd,West Hartford,Regular,1,-72.744596,41.759108000000005
111,Southington Public Library,255 Main St,Southington,24 Hours,2,-72.877465,41.596225
112,NBCSG,84 Maher Rd,Stamford,24 Hours,2,-73.5160406,41.053776
113,Paul Miller Nissan,930 Kings Hwy E,Fairfield,Regular,1,-73.233711,41.167407
114,Town of New Fairfield - Town Hall,4 Brush Hill Rd,New Fairfield,24 Hours,1,-73.487032,41.465514
115,Chip's Family Restaurant - Tesla Destination,321  Boston Post Rd,Orange,24 Hours,2,-73.004741,41.2645
116,George Harte Nissan,426 Derby Ave,West Haven,Regular,2,-72.968506,41.307602
118,East Shore District Health Department,688 E Main St,Branford,24 Hours,6,-72.756902,41.305071
119,Ridgefield BMW,746 Danbury Rd,Ridgefield,Regular,2,-73.472615,41.331117
120,Big Y,22 Spencer Plain Rd,Old Saybrook,24 Hours,1,-72.416634,41.28648200000001
122,Bridgeport Hospital,267 Grant St,Bridgeport,24 Hours,2,-73.166282,41.190701
123,Town of Stafford - Community Center,3 Buckley Hwy,Stafford Springs,24 Hours,1,-72.289249,41.956727
124,Constitution Plaza - South,109 Constitution Plaza,Hartford,24 Hours,1,-72.670032,41.767185
125,Coventry Town Hall,1712 Main St,Coventry,24 Hours,2,-72.312334,41.780058
126,Curran Volkswagen,2785 Main St,Stratford,Regular,1,-73.131808,41.198467
127,644 West Putnam,644 West Putnam Avenue,Greenwich,Regular,3,-73.6476069,41.016928
128,Grove Street Parking Garage,65 Grove Street,New Haven,Regular,2,-72.9217309,41.3103893
129,Mohegan Sun - Tesla Destination,1 Mohegan Sun Blvd,Uncasville,24 Hours,5,-72.08668800000001,41.488423
131,Central Connecticut State University - Vance Garage,150 Paul Manafort Sr. Dr,New Britain,Regular,2,-72.766414,41.690789
132,City of New Haven - Crown Street Parking Garage,213 Crown St,New Haven,24 Hours,2,-72.928864,41.305993
133,Figaro Restaurant,90 Elm St,Enfield,Regular,1,-72.583384,41.997588
134,Middletown School District - Board of Education,311 Hunting Hill Ave,Middletown,24 Hours,2,-72.647076,41.541535
135,Mansfield Parking Garage,9 Dog Ln,Storrs,Regular,4,-72.243355,41.804877
136,Brass Mill Center - Entrance 6,495 Union St,Waterbury,Regular,2,-73.026799,41.55022
137,Ellington Town Hall,55 Main St,Ellington,24 Hours,2,-72.467484,41.903582
138,Fairfield Tennis Center,210 Old Dam Rd,Fairfield,24 Hours,2,-73.2665157,41.1247386999999
139,Trinity College,18-60 Crescent St,Hartford,24 Hours,4,-72.689438,41.745582
140,Saugatuck Fire Station,Railroad Place,Westport,Regular,7,-73.370496,41.119206
141,COMCAST,222 New Park Dr,Berlin,24 Hours,4,-72.749512,41.597163
142,Kent Town Hall,41 Kent Green Blvd,Kent,24 Hours,2,-73.47251,41.727419
144,County Line Nissan - North,522 Winsted Rd,Torrington,Regular,1,-73.1107105,41.8269547
145,TOWN OF MADISON,761 Boston Post Rd,Madison,24 Hours,2,-72.595184,41.28028400000001
146,Rocky Neck State Park,244 W Main St,Niantic,Regular,2,-72.24323,41.300883
147,ELEMENT STATION,111 Morgan St,Stamford,24 Hours,2,-73.5370682,41.0631099
148,Saybrook Point Marina,2 Bridge St,Old Saybrook,24 Hours,1,-72.351019,41.283487
149,Town of Groton - Town Hall,45 Fort Hill Rd,Groton,24 Hours,2,-72.033489,41.345816
150,Harte Nissan,165 W Service Rd,Hartford,Regular,1,-72.656681,41.791382000000006
151,Highland Park Market,317 Highland St,Manchester,24 Hours,2,-72.490259,41.766005
152,Nissan - Norwich,691 W Thames St,Norwich,Regular,1,-72.097938,41.498591
155,Aitoro Appliance,401 Westport Ave,Norwalk,Regular,1,-73.390319,41.126373
156,Putnam Downtown Municipal Parking Lot,165 Kennedy Dr,Putnam,24 Hours,1,-71.9105761999999,41.914329
157,NYALA GAR 3,400 Nyala Farms Rd,Westport,24 Hours,2,-73.3269248,41.1223426
158,WHOLE FOODS MKT,5c Sugar Hollow Rd,Danbury,24 Hours,2,-73.4755929,41.3781241
159,East Norwalk Library,51 Van Zant St,Norwalk,24 Hours,4,-73.40565000000001,41.102079
161,Propark America - Omni Hotel Chapel Square Garage,155 Temple St,New Haven,24 Hours,2,-72.927405,41.305794
162,Mystic Marriott Hotel and Spa - Tesla Destination,625 North Rd,Groton,24 Hours,2,-72.025954,41.365919
163,Connecticut Post Mall - Target,1201 Boston Post Rd,Milford,Regular,2,-73.038159,41.235232
164,SPIREP,1 N Water St,Norwalk,24 Hours,2,-73.4165867,41.0999699
165,Town of Norfolk - Town Clerk,19 Maple Ave,Norfolk,24 Hours,2,-73.197598,41.990635
167,Clinton Town Hall,54 E Main St,Clinton,24 Hours,2,-72.524041,41.276743
168,Cargill Chevrolet,23 Livery St,Putnam,24 Hours,3,-71.90810200000001,41.916161
169,Bedford Street Garage,17 Forest St,Stamford,Regular,4,-73.537286,41.056092
170,Pomfret Town Hall,5 Haven Rd,Pomfret,24 Hours,2,-71.9986079999999,41.859648
171,Delamar Greenwich Harbor - Tesla Destination,500 Steamboat Rd,Greenwich,24 Hours,3,-73.623525,41.017757
172,East Hartford Public Schools - Department of Facilities,734 Tolland St,East Hartford,24 Hours,2,-72.602704,41.784813
173,Windham Municipal Parking Lot,48 Church St,Willimantic,24 Hours,2,-72.211716,41.712492
174,Heritage Hotel - Tesla Destination,522 Heritage Rd,Southbury,24 Hours,2,-73.225707,41.491538
175,Tri-Town Teachers Federal Credit Union,61 Jessup Rd,Westport,24 Hours,2,-73.358893,41.140188
176,Morgan Street Garage,155 Morgan St,Hartford,24 Hours,4,-72.672545,41.769974
177,NBCSG,Unnamed Road,Stamford,24 Hours,8,-73.5160366,41.0532451
178,Napoli Nissan,688 Bridgeport Ave,Milford,Regular,1,-73.083686,41.209761
179,Congregational Church of Somersville,22 Maple St,Somersville,24 Hours,2,-72.489406,41.983904
181,Town of Hamden - Spring Glen Municipal Parking Lot,1665 Whitney Ave,Hamden,24 Hours,2,-72.909054,41.359826
182,City of Milford - Parsons Government Center,70 W River St,Milford,24 Hours,1,-73.062364,41.226575
183,Hoffman Nissan,46 Albany Turnpike,West Simsbury,Regular,1,-72.869319,41.820371
184,Premier Chevrolet,512 Providence Rd,Brooklyn,Regular,1,-71.906607,41.798222
185,The Wallingford Victorian Inn - Tesla Destination,245 N Main St,Wallingford,24 Hours,2,-72.815676,41.45749
186,HONDADANBURY,102 Federal Rd,Danbury,24 Hours,2,-73.4232598,41.4158651
187,Village Center,87 Main St,East Hampton,24 Hours,1,-72.501947,41.575311
188,Connecticut Department of Corrections,38 Wolcott Hill Rd,Wethersfield,24 Hours,2,-72.6724543999999,41.725002
189,Stamford Marriott Hotel - Tesla Destination,243 Tresser Blvd,Stamford,24 Hours,3,-73.53513900000002,41.051614
190,Woodbridge Town Library,10 Newton Rd,Woodbridge,24 Hours,2,-73.011407,41.353582
191,Waterworks - Tesla Destination,60 Backus Ave,Danbury,24 Hours,2,-73.491965,41.370291
192,Town of East Haven,250 Main St,East Haven,24 Hours,1,-72.871663,41.277368
194,Lia Nissan - Enfield,10 Palomba Dr,Enfield,Regular,1,-72.574713,41.997574
196,Lombard Ford,385 New Hartford Rd,Barkhamsted,Regular,2,-73.042576,41.909753
198,City of Milford - Public Library,57 New Haven Ave,Milford,24 Hours,2,-73.053647,41.221934
199,Public Parking Lot,1 Morse Ct,New Canaan,Regular,1,-73.4924,41.1464
201,TS,1 American Ln,Greenwich,24 Hours,2,-73.7226456,41.0983971
202,Russell Mercier Senior Center,14 Stonecroft Dr,Hebron,24 Hours,2,-72.367191,41.65659
203,Roger Ludlowe School,689 Unquowa Rd,Fairfield,Regular,2,-73.261769,41.148757
204,Town of Hebron,15 Gilead St,Hebron,24 Hours,2,-72.366742,41.658572
205,Southington Municipal Center,200 N Main St,Southington,24 Hours,2,-72.87939,41.606301
206,Middletown School District - Middletown High School,200 LaRosa Ln,Middletown,24 Hours,2,-72.681921,41.576716
207,Town of Groton - Town Hall Annex,134 Groton Long Point Rd,Groton,24 Hours,2,-72.009806,41.341893000000006
208,TOWN HALL,31 Park Street,Guilford,24 Hours,2,-72.6798002,41.2832367
209,TRUMBULL MALL,5065 Main Street,Trumbull,24 Hours,2,-73.2246399,41.2286526
210,Parthenon Diner of Old Saybrook - Tesla Destination,809 Boston Post Rd,Old Saybrook,24 Hours,1,-72.38345,41.292172
211,Western Connecticut State University,43 Lake Ave Extension,Danbury,24 Hours,1,-73.492801,41.394446
212,BIG Y FOODS,224 Salem Turnpike,Norwich,24 Hours,2,-72.12423,41.505790000000005
214,Clark Memorial Library,538 Amity Rd,Bethany,24 Hours,2,-72.99499,41.427276
215,City of New Haven - Orchard Sherman Parking Lot,102 N Frontage Rd,New Haven,24 Hours,2,-72.944576,41.306583
216,Town of Westport - Westport Metro North,1 Railroad Pl,Westport,24 Hours,1,-73.369266,41.119291
218,Central Connecticut State University- Welte Garage,39 Ella Grasso Blvd,New Britain,24 Hours,3,-72.769268,41.692299
219,Isham Garage,17 Isham Rd,West Hartford,Regular,1,-72.740521,41.760873
220,GENE LANGAN VW,816 New London Turnpike,Glastonbury,24 Hours,2,-72.593366,41.704415
221,I-91 Tech Park,845 Brook St,Rocky Hill,24 Hours,2,-72.676125,41.641774
222,Homestead Inn - Tesla Destination,5 Elm St,New Milford,24 Hours,2,-73.411005,41.580889
223,Western Connecticut State University,179 White St,Danbury,24 Hours,2,-73.44475,41.399432
224,Grace Mayflower Inn and Spa - Tesla Destination,118 Woodbury Rd,"Rte 47, Washington",24 Hours,3,-73.305987,41.628601
226,Bishop's Orchards Farm Market,1355 Boston Post Rd,Guilford,24 Hours,2,-72.695702,41.290395
227,Campus at Greenhill,108 Leigus Road,Wallingford,Regular,4,-72.775522,41.478889
228,Connecticut Department of Motor Vehicles,1365 Highland Ave,Cheshire,Regular,1,-72.8935933,41.5374181
229,Town of Glastonbury - Town Hall,2155 Main St,Glastonbury,24 Hours,1,-72.611655,41.706856
230,Green’s Farms Railroad Station,2 Post Office Ln,Westport,24 Hours,1,-73.315136,41.122442
231,Connecticut Insurance Exchange of Southington,1133 Meriden-Waterbury Turnpike,Plantsville,24 Hours,1,-72.88305,41.564358
232,HOFFMAN HONDA 1,40 Albany Turnpike,Simsbury,24 Hours,4,-72.869331,41.818224
233,CT RAIL,51 Depot Rd,Berlin,24 Hours,2,-72.7653384,41.6356154
234,Three Rivers Community College,574 New London Turnpike,Norwich,24 Hours,2,-72.10451,41.510596
235,Town of Stafford - Public Works Garage,210 E St,Stafford Springs,24 Hours,1,-72.290233,41.984164
236,Woodbridge Town Hall,11 Meetinghouse Ln,Woodbridge,24 Hours,2,-73.014176,41.354138
237,Steelpointe Harbor,255 East Main Street,Bridgeport,Regular,4,-73.18122320000002,41.1781223
238,COMM LOT STA 1,5 Depot Pl,Bethel,24 Hours,2,-73.4145557,41.3703626
239,The Promenade Shops at Evergreen Walk - Tesla Destination,401 Evergreen Wy,South Windsor,24 Hours,2,-72.556345,41.812203
240,TOWN OF PUTNAM,1-73 Canal St,Putnam,24 Hours,2,-71.9098896,41.914513
241,Maritime Garage,11 North Water Street,Norwalk,24 Hours,1,-73.418955,41.104278
242,GE WS - Price Chopper #243 Storrs CT 2,1220  Storrs Rd,Mansfield,24 Hours,1,-72.241315,41.801976
245,City of New Haven - Air Rights Garage,60 York St,New Haven,24 Hours,5,-72.934141,41.305265
246,Lime Rock Park - Tesla Destination,60 White Hollow Rd,Lakeville,24 Hours,11,-73.389367,41.930342
248,Western Connecticut State University,198 White St,Danbury,24 Hours,4,-73.443485,41.398492
249,Coventry High School,78 Ripley Hill Rd,Coventry,24 Hours,2,-72.313767,41.782923
250,Bell Street Garage,28 Bell St,Stamford,Regular,3,-73.540733,41.052215
251,Groton New London Airport,155 Tower Ave,Groton,24 Hours,2,-72.044683,41.332527
252,TEN TEN WASH,1010 Washington Blvd,Stamford,24 Hours,2,-73.5431681,41.0535888
253,RSI EAST,1115 West St,Southington,24 Hours,2,-72.8973437,41.618456
254,University of Connecticut - School of Law,55 Elizabeth St,Hartford,Regular,2,-72.70705,41.772484
255,CROWLEY VW,245 New Britain Ave,Plainville,24 Hours,2,-72.8411522,41.6771741
256,Homewood Suites,99 Marsh Hill Rd,Orange,Regular,8,-72.998271,41.252117
257,Asnuntuck Community College,170 Elm St,Enfield,24 Hours,3,-72.5697849,42.0000268
259,Connecticut Department of Energy and Environmental Protection - Marine Headquarters,333 Ferry Rd,Old Lyme,24 Hours,2,-72.345572,41.312148
260,Precision Motors of Mystic,2400 Gold Star Hwy,Mystic,24 Hours,2,-71.988657,41.390465
261,Wesleyan University,161 Cross St,Middletown,24 Hours,4,-72.662214,41.550883
262,BMW BRIDGEPORT,43 North Ave,Bridgeport,24 Hours,2,-73.1897466,41.2020685
263,Connecticut State Capitol,210 Capitol Ave,Hartford,24 Hours,2,-72.682868,41.764759
264,Executive Nissan,900 Universal Dr N,North Haven,Regular,1,-72.870997,41.360892
265,Propark Harbor Point Gateway Garage - Tesla Destination,406-424 Washington Blvd,Stamford,24 Hours,2,-73.543258,41.045384000000006
266,Wallingford Shopping Center,930 N Colony Rd,Wallingford,24 Hours,2,-72.807124,41.483774
267,Fairfield Parks and Recreation Center,75 Mill Plain Rd,Fairfield,24 Hours,2,-73.263962,41.142152
268,The Westport Library,20 Jesup Road,Westport,Regular,2,-73.3613829,41.1396711
269,Homestead Inn - Thomas Henkelmann - Tesla Destination,420 Field Point Rd,Greenwich,24 Hours,3,-73.634045,41.015276
270,MORSCHES FF,95 Reef Rd,Fairfield,24 Hours,2,-73.2564712,41.1399023
271,Panera Bread,1129 Silas Deane Hwy,Wethersfield,24 Hours,1,-72.656507,41.691611
272,Hoffman Toyota,36 Albany Turnpike,West Simsbury,Regular,1,-72.867973,41.818345
273,Ferguson Library - Harry Bennett Branch,115 Vine Rd,Stamford,24 Hours,2,-73.544039,41.099044
274,City of Hartford - Department of Public Works,50 Jennings Rd,Hartford,24 Hours,1,-72.652406,41.785974
275,Hammonasset Beach State Park - North,1288 Boston Post Rd,Madison,24 Hours,4,-72.561988,41.26449
276,Metro Center Garage,1 Station Place,Stamford,Regular,1,-73.54198740000001,41.0457112
277,Middletown Nissan,1153 Newfield St,Middletown,Regular,3,-72.676141,41.59054
278,Wesleyan University,Lawn Ave & High St,Middletown,24 Hours,2,-72.65395,41.553597
279,Newington Town Center - Municipal Parking Lot,83 Market Square,Newington,24 Hours,2,-72.721392,41.696446
281,Connecticut Post Mall - NW Entrance,1201 Boston Post Rd,Milford,Regular,2,-73.036899,41.23608
282,Girard Nissan,425 Gold Star Hwy,Groton,Regular,1,-72.054118,41.370989
284,Goodwin University,211 Riverside Dr,East Hartford,24 Hours,2,-72.640075,41.743194
285,Greater Hartford Transit District - Spruce Street Lot,1 Union Pl,Hartford,24 Hours,1,-72.68182500000002,41.769417
286,Illiano's Restaurant,257 W Town St,Yantic,Regular,1,-72.113144,41.55775
287,Town of Hamden - Police Department,2900 Dixwell Ave,Hamden,24 Hours,2,-72.903596,41.384051
288,Fairfield Senior Center,100 Mona Terrace,Fairfield,24 Hours,2,-73.26088,41.132277
289,Butler Street Parking Lot,30 Butler St,Meriden,24 Hours,2,-72.805988,41.53697
290,Propark - 777 Main,777 Main St,Hartford,Regular,17,-72.67363400000002,41.766034
291,JOHN ST CHARGER,234 John St,Bridgeport,24 Hours,2,-73.1911131,41.1772308
293,PRESTIGE VW,42-46 W Broad St,Stamford,24 Hours,2,-73.5464906,41.0553525
294,Fairfield Recreation Center,75 Mill Plain Rd,Fairfield,24 Hours,2,-73.264636,41.14221200000001
295,Norwalk Community College,188 Richards Ave,Norwalk,Regular,2,-73.452539,41.102848
296,LAZ Fly Airport Parking,24 Ella Grasso Turnpike,Windsor Locks,24 Hours,2,-72.672748,41.918347
297,CT RAIL,60 State St,Meriden,24 Hours,2,-72.8007814,41.5394301
298,Killingly Town Hall,172 Main St,Killingly,24 Hours,1,-71.88232300000001,41.80577
299,Central Connecticut State University - Welte Hall Parking Lot,105 Ella Grasso Blvd,New Britain,24 Hours,3,-72.768107,41.693501
300,The Inn at Woodstock Hill,94 Plaine Hill Rd,Woodstock,24 Hours,1,-71.97262186000002,41.94378281
301,Wilton Public Library,137 Old Ridgefield Rd,Wilton,Regular,1,-73.43124,41.192802
302,HAJJAR,213 Court St,Middletown,24 Hours,2,-72.65018090000001,41.5590961
303,Goodwin University,403 Main St,East Hartford,24 Hours,2,-72.639362,41.749499
304,Stony Creek Brewery - Tesla Destination,5 Indian Neck Ave,Branford,24 Hours,1,-72.812491,41.274658
305,Big Y,1021 Main St,Cheshire,24 Hours,2,-72.907523,41.476271
306,Connecticut Post Mall - Dave & Buster's,1201 Boston Post Rd,Milford,Regular,2,-73.033472,41.23636
307,City of Middletown - Mellili Plaza Public Parking,245 DeKoven Dr,Middletown,24 Hours,12,-72.648056,41.561647
308,Ford of Branford,301 E Main St,Branford,Regular,2,-72.789844,41.292505000000006
309,Morton Government Center,239 John St,Bridgeport,24 Hours,1,-73.191423,41.177007
310,Town of Groton - Public Library,52 Newtown Rd,Groton,24 Hours,2,-72.028928,41.347552
311,Burlington Library,34 Library Ln,Burlington,24 Hours,2,-72.967327,41.771305
312,Bruce Bennett Nissan,978 Danbury Rd,Wilton,Regular,1,-73.435546,41.258992
313,Park 'N Fly - Bradley International Airport,1186 South St,Suffield,24 Hours,2,-72.663078,41.951328
314,Van Wilgen's Garden Center,51 Valley Rd,North Branford,Regular,1,-72.766102,41.306955
315,REYNOLDS SUBARU,272 Hamburg Rd,Lyme,24 Hours,2,-72.3518219,41.3890729
316,Tingue Dam Bypass Channel - Wakeley Street Parking Lot,37 Wakeley St,Seymour,24 Hours,2,-73.075525,41.394315000000006
317,Mohegan Sun,1 Mohegan Sun Blvd,Uncasville,24 Hours,4,-72.091456,41.491597
318,COMCAST,90 Phoenix Ave,Enfield,24 Hours,4,-72.581611,41.977252
319,Greenlots - 92143,665 Commerce Dr,Fairfield,24 Hours,2,-73.23358,41.163146
322,"DoubleTree by Hilton - Norwalk, CT - Tesla Destination",789 Connecticut Ave,Norwalk,24 Hours,1,-73.453043,41.092037
323,BIG Y FOODS,140 suit A West Rd,Ellington,24 Hours,2,-72.46388,41.888958
324,Wrap N Shine Auto Spa - Tesla Destination,97 Bridgeport Ave #10,Shelton,24 Hours,1,-73.097982,41.310498
325,Western Connecticut State University,190 White St,Danbury,24 Hours,3,-73.442053,41.39936
326,MINI OF FFD CTY,154 US-1 154 post rd,Darien,24 Hours,2,-73.4569573,41.089032
327,Delamar West Hartford - Tesla Destination,1 Memorial Rd,West Hartford,24 Hours,3,-72.737672,41.760566
328,Connecticut Department of Motor Vehicles,60 State St,Wethersfield,Regular,1,-72.655754,41.71866250000001
329,Mill Plain Diner - Tesla Destination,14 Mill Plain Rd,Danbury,24 Hours,1,-73.494706,41.38756
330,Sherman Green,1451 Post Rd,Fairfield,24 Hours,1,-73.256774,41.140584
331,Stamford Government Center Garage,888 Washington Blvd,Stamford,24 Hours,3,-73.542499,41.051637
332,Z Airport Parking,3 International Dr,East Granby,24 Hours,1,-72.709138,41.928233
333,Hyatt Regency Greenwich - Tesla Destination,1800 E Putnam Ave,Greenwich,24 Hours,2,-73.566753,41.046329
334,Surface Parking Lot,121 Main St,New Britain,24 Hours,2,-72.781161,41.666233
335,Deep River Library,150 Main St,Deep River,24 Hours,1,-72.43670100000001,41.386805
336,State House Square,10-90 State House Square,Hartford,24 Hours,1,-72.671417,41.766822
337,City of Milford - Train Station Parking,1 Railroad Ave,Milford,24 Hours,2,-73.060012,41.222682
338,Hammonasset Beach State Park - Meig's Point Nature Center,1288 Boston Post Rd,Madison,24 Hours,4,-72.546017,41.251952
339,Grossman Nissan,295 Middlesex Turnpike,Old Saybrook,Regular,1,-72.383105,41.309276
340,"Saybrook Point Inn, Spa & Marina - Tesla Destination",2 Bridge St,Old Saybrook,24 Hours,4,-72.351072,41.28331
341,Fairfield Train Station Overflow Lot,140 Mill Plain Rd,Fairfield,24 Hours,1,-73.264399,41.142923
342,Metro Center 1,One Station Place,Stamford,24 Hours,1,-73.542177,41.046112
343,Dinosaur State Park and Arboretum,400 West St,Rockyhill,Regular,2,-72.658514,41.651179
344,Staples High School,70 North Avenue,Westport,Regular,2,-73.3304754,41.1526176
345,Windham Town Hall,979 Main St,Windham,24 Hours,2,-72.217506,41.71292
346,West Hartford - Town Hall,50 S Main St,West Hartford,Regular,2,-72.741204,41.758754
348,City of New Haven - Temple Street Garage,1 Temple St,New Haven,24 Hours,3,-72.928369,41.304245
349,Minor Memorial Library,23 South St,Roxbury,24 Hours,1,-73.30764000000002,41.55358
350,Szczesny Parking Garage,31 Bank St,New Britain,24 Hours,2,-72.78037,41.666879
351,GE WS - Price Chopper #243 Storrs CT 1,1220  Storrs Rd,Mansfield,24 Hours,1,-72.241254,41.80199700000001
352,AAMCO EV,133 Pitkin St,East Hartford,24 Hours,2,-72.65266880000001,41.7632299
353,Winvian Farm - Tesla Destination,155 Alain White Rd,Morris,24 Hours,3,-73.201059,41.697035
354,Brass Mill Center - Entrance 3,495 Union St,Waterbury,Regular,4,-73.023973,41.549008
355,COMM LOT STA 1,13 Durant Ave.,Bethel,24 Hours,2,-73.4178034,41.3762377
356,Waterbury-Oxford Airport,300 Christian St,Oxford,24 Hours,2,-73.146142,41.477151000000006
357,Shagbark Lumber and Farm Supply,1 Mt Parnassus Millington Rd,East Haddam,24 Hours,1,-72.442533,41.463278
358,Metro Green Residential Parking - Tesla Destination,717  Atlantic St,Stamford,24 Hours,3,-73.540098,41.04514
359,Hartford Road Henny Penny,969 Hartford Road,Waterford,Regular,2,-72.1591426,41.3874871
360,FOXWOODS,101 Trolley Line Blvd,Mashantucket,24 Hours,2,-71.9523342,41.469981700000005
361,Convention Center - Hartford,100 Columbus Blvd,Hartford,24 Hours,6,-72.668973,41.762852
362,County Line Buick-Nissan,2191 Straits Turnpike,Middlebury,Regular,1,-73.098764,41.568122
364,University of Connecticut - Waterbury,99 E Main St,Waterbury,24 Hours,2,-73.038135,41.555816
365,Danbury Parking Authority,21 Delay St,Danbury,Regular,2,-73.451059,41.396042
366,INFINITYGREEN,201 Commons Park S,Stamford,24 Hours,2,-73.5405387,41.040838
367,City of Hartford - City Hall,35 Arch St,Hartford,24 Hours,1,-72.672842,41.762206
368,White Hart Inn - Tesla Destination,15 Undermountain Rd,Salisbury,24 Hours,1,-73.42219800000001,41.98483
369,Premier Subaru,155 N Main St,Branford,24 Hours,2,-72.813257,41.287914
370,Central Connecticut State University - Student Center Parking Garage,165 Ella Grasso Blvd,New Britain,24 Hours,3,-72.7663278757019,41.6938875513217
371,University of Connecticut - South Parking Garage,505 Jim Calhoun Way,Storrs,Regular,2,-72.253601,41.805152
372,Carter Chevrolet,175 Hartford Turnpike,Vernon,Regular,2,-72.5009065449829,41.8218766595564
374,Bloomfield Human Services Center,330 Park Avenue,Bloomfield,Regular,2,-72.712466,41.8234945
376,University of Connecticut - North Parking Garage,103 N Eagleville Rd,Storrs,Regular,2,-72.258277,41.809176
378,Fairfield Woods Library,1147 Fairfield Woods Rd,Fairfield,24 Hours,1,-73.250024,41.187855
379,Yankee Doodle,10 Burnell Boulevard,Norwalk,24 Hours,1,-73.414932,41.11803
380,Lee Partyka Chevrolet Mazda Isuzu,200 Skiff St,Hamden,Regular,3,-72.9100121,41.3729709
381,777 MAIN ST,71 Asylum St,Hartford,24 Hours,10,-72.674468,41.766676
382,Norwich Public Utilities,173 N Main St,Norwich,24 Hours,4,-72.063516,41.52757900000001
384,Eastern Connecticut State University - Shakespeare Parking Garage,24 Charger Oak Dr,Willimantic,24 Hours,4,-72.208134,41.7385909
